[
  {
    "Name": "Move raw data from S3 to HDFS",
    "ActionOnFailure": "CANCEL_AND_WAIT",
    "HadoopJarStep": {
      "Jar": "command-runner.jar",
      "Args": [
        "s3-dist-cp",
        "--src=s3://{{ params.BUCKET_NAME }}/{{ params.raw_order_review }}/{{ ds }}/",
        "--dest=/order/{{ ds }}"
      ]
    }
  },
  {
    "Name": "Classify restaurant reviews",
    "ActionOnFailure": "CANCEL_AND_WAIT",
    "HadoopJarStep": {
      "Jar": "command-runner.jar",
      "Args": [
        "spark-submit",
        "s3://{{ params.BUCKET_NAME }}/scripts/random_text_classification.py",
        "--input=/order/{{ ds }}",
        "--run-id={{ ds }}"
      ]
    }
  },
  {
    "Name": "Move classified data from HDFS to S3",
    "ActionOnFailure": "CANCEL_AND_WAIT",
    "HadoopJarStep": {
      "Jar": "command-runner.jar",
      "Args": [
        "s3-dist-cp",
        "--src=/output",
        "--dest=s3://{{ params.BUCKET_NAME }}/{{ params.stage_order_review }}/{{ ds }}"
      ]
    }
  }
]